CaseID,Speed_mps,Azimuth_deg,J1_CFD_Nm,J1_MAT_Nm,J1_GPR_Nm,J1_Error_Nm,J2_CFD_Nm,J2_MAT_Nm,J2_GPR_Nm,J2_Error_Nm,J3_CFD_Nm,J3_MAT_Nm,J3_GPR_Nm,J3_Error_Nm
case_01_v000_psi00,0,0,0.00862462562501923,0,0.0741000588175159,0.0654754331924967,0.00729119129783192,0,0.386358213267096,0.379067021969265,0.0141182234405097,0,0.010556095239634,0.00356212820087569
case_02_v000_psi15,0,15,0.00873157073215369,0,0.0741000588175159,0.0653684880853622,0.00712261471969707,0,0.386358213267096,0.379235598547399,0.0150658747284678,0,0.010556095239634,0.00450977948883377
case_03_v000_psi30,0,30,0.00909448279595883,0,0.0741000588175159,0.0650055760215571,0.00728580962093059,0,0.386358213267096,0.379072403646166,0.0143643766031706,0,0.010556095239634,0.00380828136353662
case_04_v000_psi45,0,45,0.00893096531902723,0,0.0741000588175159,0.0651690934984887,0.00725362478138332,0,0.386358213267096,0.379104588485713,0.0149525198237153,0,0.010556095239634,0.00439642458408129
case_05_v000_psi60,0,60,0.00862462562501923,0,0.0741000588175159,0.0654754331924967,0.00729119129783192,0,0.386358213267096,0.379067021969265,0.0141182234405097,0,0.010556095239634,0.00356212820087569
case_06_v000_psi75,0,75,0.00862462562501923,0,0.0741000588175159,0.0654754331924967,0.00729119129783192,0,0.386358213267096,0.379067021969265,0.0141182234405097,0,0.010556095239634,0.00356212820087569
case_07_v000_psi90,0,90,0.00862462562501923,0,0.0741000588175159,0.0654754331924967,0.00729119129783192,0,0.386358213267096,0.379067021969265,0.0141182234405097,0,0.010556095239634,0.00356212820087569
case_08_v020_psi00,0.2,0,-0.432035531593097,-0.185243720974725,-0.490238078496624,0.0582025469035273,-0.035788749748306,-3.3246061195931e-09,0.599280053095542,0.635068802843848,-0.0245309430757629,7.99373550931683e-09,-0.110246019640869,0.0857150765651066
case_09_v020_psi15,0.2,15,-0.384014742129194,-0.178931694225235,-0.361094075676669,0.0229206664525251,-0.0460778272202661,-0.0321132606216779,0.382444539880381,0.428522367100647,0.0221171401543541,0.00913939063104554,-0.15343606454342,0.175553204697775
case_10_v020_psi30,0.2,30,-0.325981809902438,-0.160425768212902,-0.175955385119532,0.150026424782906,-0.0709413639668881,-0.0620380522770547,0.278399700086611,0.349341064053499,0.0786399138672139,0.017655938900407,-0.148411261120994,0.227051174988208
case_11_v020_psi45,0.2,45,-0.203762920157161,-0.130987091212976,0.0458463555417382,0.249609275698899,-0.0966216572245973,-0.0877350531924791,0.182459049343876,0.279080706568473,0.162041411971633,0.0249692641115242,-0.114550783519853,0.276592195491487
case_12_v020_psi60,0.2,60,-0.091385065354645,-0.0926218604132894,0.27463255623968,0.366017621594324,-0.135616736826937,-0.107453055221867,0.126880270793384,0.26249700762032,0.172843558615796,0.0305809752371011,-0.0778603086861836,0.25070386730198
case_13_v020_psi75,0.2,75,0.017067633882169,-0.0479446028912983,0.47690040852145,0.459832774639281,-0.17292128006316,-0.119848309112454,0.129132930463376,0.302054210526536,0.187059953134574,0.0341086434377206,0.0228858250700383,0.164174128064536
case_14_v020_psi90,0.2,90,0.12894396530454,8.55321643579652e-11,0.622925562008743,0.493981596704202,-0.140449438577094,-0.124076098795723,0.320685569549099,0.461135008126192,0.253743264995073,0.0353118639552579,0.150868015455495,0.102875249539578
case_15_v040_psi00,0.4,0,-0.861661087835728,-0.740974883898899,-1.27114367492177,0.409482587086037,-0.160307631889813,-1.32984244783724e-08,1.12211665486729,1.2824242867571,-0.138920452813847,3.19749420372673e-08,-0.158425093093869,0.0195046402800222
case_16_v040_psi15,0.4,15,-0.860831865858599,-0.715726776900941,-1.10470344691464,0.243871581056044,-0.106921247325306,-0.128453042486712,0.846061921435365,0.952983168760671,0.0260146092612106,0.0365575625241822,-0.360600794809304,0.386615404070515
case_17_v040_psi30,0.4,30,-0.804817855509954,-0.641703072851608,-0.744380926527125,0.0604369289828295,-0.0924352718017831,-0.248152209108219,0.82614556987814,0.918580841679923,0.220151153528261,0.0706237556016278,-0.334660236396817,0.554811389925078
case_18_v040_psi45,0.4,45,-0.578608651855765,-0.523948364851905,-0.246944582823876,0.331664069031889,-0.00283643836947621,-0.350940212769916,0.917998908077652,0.920835346447129,0.45145486901745,0.099877056446097,-0.118732606922702,0.570187475940151
case_19_v040_psi60,0.4,60,-0.276781923477128,-0.370487441653158,0.281327111575766,0.558109035052894,-0.0267357289434097,-0.429812220887467,0.852157892589875,0.878893621533285,0.569256173386104,0.122323900948404,-0.345329585228196,0.9145857586143
case_20_v040_psi75,0.4,75,0.0705334936855284,-0.191778411565193,0.745806377061672,0.675272883376143,-0.0724123984674065,-0.479393236449816,2.93894417056115,3.01135656902856,0.662146801306869,0.136434573750882,-0.560202745438014,1.22234954674488
case_21_v040_psi90,0.4,90,0.263405324912144,3.42128657431861e-10,1.0560715537221,0.792666228809952,-0.0940155621531547,-0.496304395182891,6.05049408423721,6.14450964639037,0.757852161389777,0.141247455821032,-0.212014902712465,0.969867064102242
case_22_v060_psi00,0.6,0,-1.42496422789714,-1.66719348877252,-2.04667176204767,0.621707534150526,-0.327406241741892,-2.99214550763379e-08,1.41673129858676,1.74413754032865,-0.224442707934223,7.19436195838515e-08,-0.233574109425579,0.00913140149135588
case_23_v060_psi15,0.6,15,-1.44197993138966,-1.61038524802712,-1.99196969943542,0.549989768045759,-0.184446169942038,-0.289019345595101,1.16749274438005,1.35193891432209,0.0357045812709837,0.0822545156794099,-0.61385455692634,0.649559138197323
case_24_v060_psi30,0.6,30,-1.29227215981727,-1.44383191391612,-1.55676479885304,0.26449263903577,-0.0846820659169673,-0.558342470493492,1.06364974699283,1.14833181290979,0.385051011499925,0.158903450103663,-0.90162323056011,1.28667424206003
case_25_v060_psi45,0.6,45,-1.60370732415525,-1.17888382091679,-0.807398951774706,0.796308372380539,-2.94268221840426,-0.789615478732311,1.43613846072792,4.37882067913218,-1.65585645042666,0.224723377003718,-0.572458123226957,1.0833983271997
case_26_v060_psi60,0.6,60,2.05477559323762,-0.833596743719604,0.0108680898433214,2.04390750339429,-10.6396709396597,-0.9670774969968,1.71319220048669,12.3528631401464,-0.631962649265507,0.27522877713391,0.125231677929558,0.757194327195065
case_27_v060_psi75,0.6,75,-0.00971837181074486,-0.431501426021685,0.721588139070404,0.731306510881149,0.0819446003108235,-1.07863478201208,3.59324707857868,3.51130247826786,1.36533537623937,0.306977790939486,0.545599489741861,0.819735886497504
case_28_v060_psi90,0.6,90,0.484764438537277,7.69789479221686e-10,1.18238704058191,0.697622602044635,-0.0110768415157905,-1.1166848891615,7.9377654158497,7.94884225736549,1.41913252797627,0.317806775597321,0.871009419659571,0.548123108316702
case_29_v080_psi00,0.8,0,-2.10458785253907,-2.9638995355956,-2.49601171658557,0.391423864046497,-0.644638609321861,-5.31936979134896e-08,1.50573274956438,2.15037135888624,-0.653006056523736,1.27899768149069e-07,-0.441079138637299,0.211926917886438
case_30_v080_psi15,0.8,15,-2.16404912799206,-2.86290710760377,-2.60093451682167,0.436885388829606,-0.322509073257578,-0.513812169946846,1.27797569306241,1.60048476631999,-0.0658875202090957,0.146230250096729,-0.608638220365922,0.542750700156826
case_31_v080_psi30,0.8,30,-8.98641292995239,-2.56681229140643,-2.20916363899303,6.77724929095937,-4.90146355135295,-0.992608836432875,2.58245321467402,7.48391676602696,-3.41740627608272,0.282495022406511,-1.68006712241875,1.73733915366396
case_32_v080_psi45,0.8,45,-1.7621,-2.09579345940762,-1.33210260238234,0.429997397617659,1.334,-1.40376085107967,7.35315124107467,6.01915124107467,0.2815,0.399508225784388,-0.0476195993333886,0.329119599333389
case_33_v080_psi60,0.8,60,-0.675315184517762,-1.48194976661263,-0.354073729875785,0.321241454641977,0.562502929130967,-1.71924888354987,2.88126633470292,2.31876340557195,1.9818656543299,0.489295603793618,0.842381547599642,1.13948410673026
case_34_v080_psi75,0.8,75,-0.00108542459217334,-0.767113646260773,0.508626935612388,0.509712360204561,0.533261254940113,-1.91757294579926,1.61062808699661,1.07736683205649,2.24690237613418,0.54573829500353,-0.335759041964706,2.58266141809889
case_35_v080_psi90,0.8,90,0.475392175743248,1.36851462972744e-09,1.07613628808568,0.600744112342433,0.569545939254941,-1.98521758073156,2.47570835061709,1.90616241136214,2.46461630746197,0.564989823284126,1.25565699443909,1.20895931302288
case_36_v100_psi00,1,0,-2.44180803246926,-4.63109302436812,-2.45398669330965,0.0121786608403873,-0.819088655263988,-8.31151529898274e-08,1.67851379319646,2.49760244846045,0.771743168591596,1.99843387732921e-07,-0.342067327574194,1.11381049616579
case_37_v100_psi15,1,15,-2.92479725235054,-4.47329235563088,-2.61941792684878,0.305379325501759,-0.444427818666428,-0.802831515541947,1.94007140208004,2.38449922074646,0.0839276907233074,0.228484765776139,-0.0911428247876133,0.175070515510921
case_38_v100_psi30,1,30,-2.71621694878173,-4.01064420532255,-2.3020284602771,0.414188488504631,0.722577091243385,-1.55095130692637,4.14664397074496,3.42406687950158,0.697106755525653,0.441398472510174,-0.708799558509921,1.40590631403557
case_39_v100_psi45,1,45,-2.29311367474787,-3.27467728032441,-1.47904516726414,0.814068507483733,10.7552087335903,-2.19337632981198,32.9047908093873,22.1495820757971,0.348169010642654,0.624231602788106,0.218057083349066,0.130111927293588
case_40_v100_psi60,1,60,-1.8214,-2.31554651033223,-0.576154350510468,1.24524564948953,2.453,-2.68632638054667,4.81344740566478,2.36044740566478,0.651,0.764524380927528,0.450308371446456,0.200691628553544
case_41_v100_psi75,1,75,-0.452,-1.19861507228246,0.271844610685464,0.723844610685464,2.894,-2.99620772781135,2.47021199743265,0.423788002567346,0.823,0.852716085943016,0.338371006614484,0.484628993385516
case_42_v100_psi90,1,90,0.012,2.13830410894913e-09,0.87245309429425,0.86045309429425,3.421,-3.10190246989307,1.83660427445547,1.58439572554453,0.985,0.882796598881447,0.957135224246405,0.027864775753595
case_43_v025_psi00,0.25,0,-0.191012509467378,-0.289443314023008,-0.671416633609209,0.480404124141831,0.0208312600795269,-5.19469706186421e-09,0.561815262758841,0.540984002679314,-0.0513708099895694,1.24902117333076e-08,-0.0715510088481147,0.0201801988585452
case_44_v025_psi30,0.25,30,-0.398610268467612,-0.250665262832659,-0.288316880206511,0.1102933882611,-0.00865023429355619,-0.096934456682898,0.372958746516523,0.381608980810079,0.261372744779712,0.0275874045318859,-0.0868150255105314,0.348187770290243
case_45_v025_psi45,0.25,45,4.56437858881771,-0.204667330020275,0.000119408353944528,4.56425918046377,-1.17197570389993,-0.137086020613249,0.267303418864962,1.43927912276489,0.0694863467091054,0.0390144751742566,-0.0545087595620536,0.123995106271159
case_46_v025_psi60,0.25,60,-0.125566151211631,-0.144721656895765,0.301239418846402,0.426805570058034,-0.0819196728966651,-0.167895398784167,0.197925279608944,0.279844952505609,0.441143186993327,0.0477827738079705,-0.129272636747826,0.570415823741153
case_47_v025_psi90,0.25,90,8.13097166185443,1.33644006809321e-10,0.753944873990847,7.37702678786358,-4.4513174002419,-0.193868904368317,0.554877715431008,5.00619511567291,0.0337044857011621,0.0551747874300904,0.0891046946572139,0.0554002089560517
case_48_v050_psi00,0.5,0,-1.00601635475178,-1.15777325609203,-1.67963520614087,0.673618851389082,-0.229048205178392,-2.07787882474569e-08,1.33557368320283,1.56462188838122,-0.209427036687509,4.99608469332302e-08,-0.19278561041307,0.0166414262744387
case_49_v050_psi30,0.5,30,-1.07162113038784,-1.00266105133064,-1.13573433404718,0.0641132036593466,0.0465290033739524,-0.387737826731592,0.864434359388518,0.817905356014565,0.528279075053217,0.110349618127543,-0.389380624125107,0.917659699178324
case_50_v050_psi45,0.5,45,7.20582638091269,-0.818669320081101,-0.502214904885767,7.70804128579845,9.3283878084948,-0.548344082452994,1.2386894266095,8.08969838188529,-0.0933465458356176,0.156057900697027,-0.107841002196694,0.0144944563610761
case_51_v050_psi60,0.5,60,-0.46104927738267,-0.578886627583059,0.176085920348639,0.637135197731309,0.13373109765047,-0.671581595136667,1.23491277815806,1.10118168050759,1.06455130890689,0.191131095231882,-0.0760656647723523,1.14061697367924
case_52_v050_psi90,0.5,90,2.67564634338571,5.34576027237282e-10,1.15932950351756,1.51631683986815,23.7198668720409,-0.775475617473267,11.5257756862601,12.1940911857809,0.031163134777003,0.220699149720362,0.340144005792236,0.308980871015233
